{"version":2,"blockTransformers":[{"type":"naturalAir","transformer":{"source":"reccomplex:negativeSpace","sourceMetadata":1}},{"type":"negativeSpace","transformer":{"source":"reccomplex:negativeSpace","sourceMetadata":0}},{"type":"natural","transformer":{"source":"reccomplex:naturalFloor","sourceMetadata":0}}],"rotatable":true,"mirrorable":true,"naturalGenerationInfo":{"generationCategory":"decoration","generationY":{"selectionMode":"surface","minY":-1,"maxY":-1},"generationBiomes":[{"biome":"Type:NETHER","weight":0},{"biome":"Type:END","weight":0},{"biome":"Type:WATER","weight":0},{"biome":"Type:PLAINS"},{"biome":"Type:FOREST"},{"biome":"Type:MOUNTAIN"},{"biome":"Type:HILLS"},{"biome":"Type:SWAMP"}]},"dependencies":["pandorasbox"],"customData":{}}